Review ID,Topic 0,Topic 1,Topic 2,Topic 3,Topic 4
1,0.10002831,0.10002755,0.59988874,0.1000272,0.100028194
2,0.1000283,0.100027554,0.59988874,0.100027196,0.100028194
3,0.10002829,0.10002755,0.59988874,0.100027196,0.100028194
4,0.1000303,0.5998793,0.10003111,0.1000291,0.10003018
5,0.73143065,0.06667692,0.067046456,0.06816933,0.06667668
6,0.59988415,0.10002849,0.10003004,0.100028135,0.100029156
7,0.100028306,0.10002755,0.59988874,0.10002719,0.1000282
8,0.100030296,0.59987926,0.10003111,0.10002912,0.10003019
9,0.5998842,0.1000285,0.100030035,0.10002813,0.10002915
10,0.100030825,0.10002999,0.10003163,0.5998768,0.10003069
11,0.10002829,0.10002755,0.5998888,0.100027174,0.10002818
12,0.10002941,0.100028634,0.1000302,0.100028254,0.5998835
13,0.10002831,0.10002756,0.59988874,0.10002721,0.100028194
14,0.100030296,0.5998793,0.1000311,0.10002911,0.10003018
15,0.5998842,0.10002848,0.100030035,0.10002813,0.10002915
16,0.10003082,0.100030005,0.10003164,0.5998769,0.10003069
17,0.10003082,0.10003,0.10003164,0.5998768,0.10003069
18,0.10002831,0.10002756,0.59988874,0.1000272,0.1000282
19,0.5998842,0.1000285,0.10003006,0.10002812,0.100029156
20,0.100030825,0.10003,0.10003164,0.5998769,0.10003069
21,0.10003084,0.100030005,0.100031644,0.5998768,0.100030705
22,0.1000303,0.5998793,0.1000311,0.1000291,0.100030184
23,0.06668488,0.06668441,0.066685356,0.7332605,0.06668481
24,0.5998842,0.10002849,0.100030035,0.10002811,0.100029156
25,0.1000294,0.10002863,0.100030184,0.100028254,0.59988356
26,0.5998842,0.10002847,0.10003003,0.100028105,0.10002913
27,0.5998842,0.10002849,0.10003004,0.10002813,0.100029156
28,0.10003081,0.10003,0.10003164,0.5998769,0.1000307
29,0.100030296,0.5998793,0.100031085,0.1000291,0.100030184
30,0.10002831,0.10002756,0.59988874,0.100027196,0.100028194
31,0.10002941,0.10002863,0.10003019,0.10002826,0.5998835
32,0.1000308,0.10002998,0.10003162,0.59987694,0.10003069
33,0.1000294,0.10002863,0.100030184,0.100028254,0.59988356
34,0.10003081,0.100030005,0.10003163,0.5998768,0.1000307
35,0.100028306,0.10002756,0.59988874,0.10002719,0.100028194
36,0.1000283,0.10002755,0.59988874,0.10002719,0.100028194
37,0.06668489,0.067769326,0.06668536,0.7321756,0.06668482
38,0.10003028,0.5998794,0.10003109,0.100029096,0.10003018
39,0.5998842,0.1000285,0.10003004,0.10002812,0.10002915
40,0.100030825,0.10002999,0.10003164,0.5998769,0.10003068
41,0.5998842,0.100028485,0.10003005,0.10002813,0.10002916
42,0.100030296,0.59987926,0.100031115,0.10002912,0.100030184
43,0.10003029,0.5998793,0.10003109,0.1000291,0.10003018
44,0.10002942,0.10002864,0.100030206,0.10002826,0.5998835
45,0.06747565,0.06667689,0.06694896,0.7322217,0.06667678
46,0.10002942,0.10002863,0.10003019,0.100028254,0.5998835
47,0.1000283,0.10002756,0.5998887,0.1000272,0.100028194
48,0.10003029,0.5998793,0.1000311,0.1000291,0.10003018
49,0.10003028,0.5998793,0.10003109,0.1000291,0.10003017
50,0.100028306,0.10002755,0.59988874,0.10002719,0.100028194
51,0.068627454,0.39755115,0.067330666,0.399801,0.06668976
52,0.100030296,0.5998793,0.1000311,0.1000291,0.10003019
53,0.10002829,0.10002754,0.59988874,0.10002718,0.10002819
54,0.5998842,0.100028485,0.10003004,0.10002813,0.10002915
55,0.100029424,0.10002864,0.100030206,0.10002826,0.5998835
56,0.10002942,0.100028634,0.1000302,0.10002827,0.5998835
57,0.10002832,0.100027554,0.59988874,0.100027196,0.1000282
58,0.100029424,0.10002863,0.1000302,0.10002827,0.5998835
59,0.59988415,0.1000285,0.10003005,0.10002813,0.100029156
60,0.10002829,0.10002755,0.5998888,0.10002719,0.100028194
61,0.10002941,0.10002862,0.1000302,0.100028254,0.5998835
62,0.100028306,0.10002757,0.59988874,0.100027196,0.1000282
63,0.10003031,0.59987926,0.10003111,0.10002911,0.100030184
64,0.10003082,0.10002999,0.10003163,0.5998769,0.10003069
65,0.10003029,0.5998793,0.1000311,0.100029096,0.100030184
66,0.5998842,0.100028485,0.10003003,0.10002812,0.10002915
67,0.10002942,0.100028634,0.1000302,0.10002826,0.5998835
68,0.5998842,0.10002849,0.10003004,0.10002813,0.100029156
69,0.10003028,0.5998793,0.100031085,0.100029096,0.10003016
70,0.10002942,0.100028634,0.100030184,0.10002825,0.5998835
71,0.10002942,0.10002864,0.1000302,0.10002826,0.5998835
72,0.10003029,0.5998794,0.100031085,0.10002909,0.10003017
73,0.100030296,0.59987926,0.100031115,0.10002912,0.10003018
74,0.1000308,0.10003,0.10003164,0.5998768,0.1000307
75,0.59988415,0.1000285,0.10003006,0.10002813,0.100029156
76,0.59988415,0.1000285,0.10003004,0.10002813,0.10002915
77,0.10003082,0.10002998,0.10003162,0.5998769,0.100030676
78,0.10003082,0.10003,0.10003163,0.5998769,0.100030705
79,0.100028306,0.10002755,0.59988874,0.10002719,0.1000282
80,0.10002941,0.10002863,0.10003018,0.10002825,0.59988356
81,0.10003082,0.10003,0.10003164,0.5998768,0.1000307
82,0.100030296,0.5998793,0.1000311,0.1000291,0.10003018
83,0.10002829,0.10002755,0.59988874,0.10002719,0.100028194
84,0.100030825,0.100030005,0.100031644,0.5998768,0.100030705
85,0.10003031,0.59987926,0.100031115,0.100029126,0.100030184
86,0.100030296,0.5998793,0.1000311,0.10002911,0.100030184
87,0.0666834,0.066682965,0.73326755,0.066682756,0.06668333
88,0.10002941,0.100028634,0.100030184,0.10002826,0.5998835
89,0.100030296,0.5998793,0.1000311,0.100029096,0.10003018
90,0.1000303,0.5998793,0.1000311,0.10002912,0.10003017
91,0.10003083,0.100030005,0.10003165,0.5998768,0.10003072
92,0.5998842,0.100028485,0.10003005,0.10002812,0.10002916
93,0.10002941,0.10002863,0.10003019,0.100028254,0.5998835
94,0.10002942,0.10002863,0.1000302,0.100028254,0.59988356
95,0.1000283,0.100027554,0.59988874,0.100027196,0.100028194
96,0.10003081,0.10003,0.10003163,0.5998768,0.1000307
97,0.1000308,0.10002998,0.100031614,0.5998769,0.1000307
98,0.100030825,0.100030005,0.10003163,0.5998769,0.10003069
99,0.10003029,0.5998793,0.10003109,0.1000291,0.10003018
100,0.5998842,0.100028485,0.10003004,0.10002811,0.100029156
101,0.5998842,0.10002849,0.100030035,0.10002812,0.10002915
102,0.10003031,0.59987926,0.100031115,0.10002911,0.10003018
103,0.10003029,0.5998793,0.1000311,0.1000291,0.100030184
104,0.100028306,0.100027554,0.59988874,0.10002719,0.10002819
105,0.10003082,0.10003,0.10003163,0.5998768,0.10003069
106,0.10003031,0.59987926,0.100031115,0.100029126,0.1000302
107,0.10003083,0.100030005,0.100031644,0.5998768,0.1000307
108,0.10002942,0.100028634,0.100030184,0.10002826,0.5998835
109,0.59988415,0.1000285,0.10003005,0.10002813,0.100029156
110,0.1000303,0.59987926,0.10003111,0.10002912,0.100030184
111,0.10003081,0.10003,0.100031614,0.5998769,0.10003068
112,0.100030296,0.59987926,0.1000311,0.10002911,0.1000302
113,0.5998842,0.100028485,0.10003002,0.100028105,0.10002914
114,0.10002942,0.10002865,0.1000302,0.10002827,0.5998835
115,0.10002943,0.10002865,0.100030206,0.10002827,0.5998835
116,0.10002941,0.10002862,0.10003019,0.10002826,0.59988356
117,0.10003029,0.5998793,0.1000311,0.10002911,0.100030184
118,0.10003082,0.10003,0.10003162,0.5998768,0.10003069
119,0.10003029,0.5998793,0.10003109,0.10002911,0.10003018
120,0.5998842,0.100028485,0.100030035,0.10002811,0.100029156
121,0.10002942,0.10002863,0.10003019,0.10002827,0.5998835
122,0.59988415,0.10002849,0.10003005,0.10002811,0.10002915
123,0.5998843,0.10002848,0.10003003,0.100028105,0.10002914
124,0.1000303,0.59987926,0.100031115,0.10002912,0.10003019
125,0.5998842,0.10002849,0.10003005,0.10002812,0.10002916
126,0.10003082,0.10002999,0.10003163,0.5998768,0.1000307
127,0.10003083,0.10003001,0.10003164,0.5998768,0.10003071
128,0.10002941,0.10002862,0.10003017,0.100028254,0.5998835
129,0.1000294,0.10002864,0.10003019,0.100028254,0.5998835
130,0.100029424,0.10002864,0.1000302,0.10002826,0.5998835
131,0.10002942,0.10002863,0.100030206,0.100028254,0.59988356
132,0.1000283,0.10002756,0.59988874,0.1000272,0.100028194
133,0.100028306,0.10002754,0.59988874,0.10002718,0.10002819
134,0.1000283,0.10002756,0.59988874,0.100027196,0.100028194
135,0.10003031,0.5998793,0.1000311,0.1000291,0.100030184
136,0.5998842,0.10002848,0.10003002,0.10002811,0.10002914
137,0.5998842,0.1000285,0.10003004,0.10002813,0.10002917
138,0.1000303,0.5998793,0.10003111,0.10002911,0.10003018
139,0.10003082,0.10002999,0.10003164,0.5998768,0.1000307
140,0.100028306,0.10002755,0.59988874,0.10002718,0.10002819
141,0.59988415,0.1000285,0.10003006,0.10002813,0.10002916
142,0.5998842,0.100028485,0.10003005,0.100028105,0.10002915
143,0.100030296,0.5998793,0.1000311,0.1000291,0.10003019
144,0.100030296,0.5998793,0.10003111,0.1000291,0.10003018
145,0.59988415,0.100028485,0.10003004,0.10002812,0.100029156
146,0.5998842,0.100028485,0.100030035,0.10002811,0.10002915
147,0.1000303,0.59987926,0.10003111,0.1000291,0.10003018
148,0.100029424,0.10002864,0.10003021,0.10002828,0.5998835
149,0.10003028,0.5998793,0.100031085,0.10002909,0.10003017
150,0.10003029,0.5998794,0.100031085,0.100029096,0.10003017
151,0.10002942,0.10002863,0.100030184,0.100028254,0.5998835
152,0.10003082,0.10002999,0.10003163,0.5998768,0.10003069
153,0.1000283,0.10002755,0.59988874,0.100027196,0.100028194
154,0.10003082,0.10002998,0.10003162,0.5998769,0.10003069
155,0.10002832,0.10002758,0.5998887,0.1000272,0.10002822
156,0.100029424,0.100028634,0.100030206,0.10002827,0.5998835
157,0.10003029,0.5998794,0.100031085,0.1000291,0.10003017
158,0.100028306,0.100027554,0.59988874,0.10002721,0.1000282
159,0.10003031,0.5998792,0.10003112,0.100029126,0.1000302
160,0.59988415,0.1000285,0.10003005,0.10002813,0.10002916
161,0.5998842,0.100028485,0.10003005,0.10002813,0.10002916
162,0.1000294,0.10002863,0.1000302,0.10002826,0.59988356
163,0.10002943,0.10002864,0.10003021,0.10002828,0.5998835
164,0.59988415,0.1000285,0.100030065,0.10002813,0.10002916
165,0.1000283,0.10002756,0.59988874,0.100027196,0.100028194
166,0.10003081,0.10003,0.100031644,0.5998769,0.1000307
167,0.1000303,0.59987926,0.10003111,0.10002912,0.1000302
168,0.100030825,0.100030005,0.10003163,0.5998768,0.100030705
169,0.10003081,0.10003,0.10003164,0.5998768,0.1000307
170,0.10003082,0.10003,0.10003164,0.5998768,0.10003069
171,0.100030296,0.5998793,0.10003111,0.10002911,0.100030184
172,0.100028306,0.100027554,0.59988874,0.100027196,0.100028194
173,0.7314253,0.06667692,0.06704649,0.068174616,0.06667668
174,0.100029424,0.10002863,0.10003019,0.10002825,0.5998835
175,0.10002831,0.100027554,0.59988874,0.100027196,0.1000282
176,0.10003082,0.10002999,0.10003164,0.5998769,0.1000307
177,0.10002942,0.10002864,0.10003019,0.100028254,0.59988356
178,0.100030296,0.5998793,0.1000311,0.10002911,0.100030184
179,0.06668489,0.06668441,0.066685356,0.7332605,0.06668481
180,0.100030825,0.10003,0.10003164,0.5998768,0.1000307
181,0.5998842,0.10002849,0.10003005,0.10002813,0.10002915
182,0.5998842,0.10002848,0.100030035,0.10002811,0.10002914
183,0.10003082,0.10002999,0.10003164,0.5998769,0.1000307
184,0.100028306,0.100027554,0.59988874,0.10002719,0.100028194
185,0.5998842,0.10002849,0.10003004,0.100028135,0.100029156
186,0.10003029,0.5998793,0.10003109,0.10002911,0.100030184
187,0.100030296,0.5998793,0.1000311,0.10002911,0.10003018
188,0.59988415,0.100028485,0.10003006,0.10002813,0.100029156
189,0.10003082,0.10003,0.10003164,0.5998768,0.10003071
190,0.10003081,0.10003,0.10003164,0.5998768,0.1000307
191,0.10002942,0.10002863,0.1000302,0.10002825,0.5998835
192,0.100030296,0.59987926,0.10003111,0.10002913,0.100030184
193,0.10002939,0.10002862,0.1000302,0.10002825,0.5998835
194,0.100029424,0.10002865,0.10003021,0.10002828,0.5998835
195,0.10002941,0.100028634,0.1000302,0.10002826,0.5998835
196,0.10002942,0.10002862,0.10003017,0.100028254,0.59988356
197,0.1000303,0.59987926,0.10003111,0.10002912,0.10003019
198,0.100030825,0.10003,0.10003164,0.5998768,0.10003069
199,0.59988415,0.10002848,0.10003005,0.100028135,0.100029156
200,0.10002941,0.100028634,0.1000302,0.10002826,0.5998835
201,0.5998842,0.100028485,0.10003004,0.10002811,0.100029156
202,0.100030296,0.5998793,0.10003111,0.1000291,0.100030184
203,0.100030296,0.59987926,0.100031115,0.1000291,0.10003018
204,0.10003031,0.59987926,0.1000311,0.10002912,0.100030184
205,0.10003082,0.10003,0.10003163,0.5998768,0.100030705
206,0.1000294,0.10002862,0.10003019,0.100028254,0.5998835
207,0.10002942,0.10002863,0.10003018,0.10002826,0.5998835
208,0.03334186,0.033341642,0.033342075,0.86663264,0.033341825
209,0.1000303,0.5998793,0.1000311,0.10002911,0.100030184
210,0.10002833,0.10002757,0.5998887,0.1000272,0.10002821
211,0.10002942,0.100028634,0.100030184,0.10002825,0.5998835
212,0.10002944,0.10002864,0.1000302,0.10002826,0.5998835
213,0.10002941,0.10002863,0.10003019,0.10002826,0.5998835
214,0.10002942,0.10002865,0.1000302,0.10002826,0.5998835
215,0.100028306,0.10002757,0.59988874,0.100027196,0.100028194
216,0.10002832,0.10002756,0.59988874,0.100027196,0.100028194
217,0.10003083,0.10003,0.100031644,0.5998768,0.10003071
218,0.10003082,0.10003,0.10003163,0.5998769,0.100030705
219,0.10003082,0.10003,0.10003164,0.5998768,0.100030705
220,0.100029424,0.100028634,0.1000302,0.10002826,0.5998835
221,0.10002831,0.10002756,0.5998887,0.1000272,0.1000282
222,0.1000303,0.59987926,0.10003111,0.10002911,0.100030184
223,0.10002831,0.10002756,0.5998887,0.10002719,0.1000282
224,0.59988415,0.1000285,0.10003006,0.10002813,0.10002916
225,0.10002829,0.10002755,0.59988874,0.100027196,0.100028194
226,0.10003082,0.10003002,0.100031644,0.5998768,0.100030705
227,0.5998842,0.10002849,0.10003004,0.10002812,0.10002916
228,0.5998842,0.10002848,0.100030035,0.10002812,0.10002915
229,0.1000303,0.59987926,0.10003111,0.1000291,0.10003019
230,0.5998842,0.10002851,0.10003006,0.10002812,0.100029156
231,0.10002941,0.10002864,0.100030184,0.10002826,0.5998835
232,0.10002831,0.100027554,0.59988874,0.100027196,0.10002821
233,0.10002832,0.10002756,0.59988874,0.10002722,0.10002821
234,0.10003081,0.10002998,0.100031614,0.5998769,0.10003068
235,0.10003082,0.10002998,0.10003162,0.5998769,0.10003069
236,0.1000303,0.5998793,0.1000311,0.10002911,0.10003018
237,0.1000303,0.5998793,0.1000311,0.1000291,0.10003018
238,0.5998842,0.100028485,0.10003004,0.10002812,0.10002915
239,0.10003083,0.100030005,0.100031644,0.5998768,0.100030705
240,0.1000303,0.59987926,0.1000311,0.10002911,0.10003018
241,0.5998842,0.10002848,0.100030035,0.10002811,0.10002915
242,0.1000303,0.59987926,0.10003111,0.1000291,0.10003019
243,0.10002942,0.10002863,0.100030184,0.100028254,0.5998835
244,0.100029394,0.10002862,0.100030184,0.10002825,0.5998835
245,0.5998842,0.100028485,0.10003004,0.10002812,0.10002916
246,0.10002831,0.10002756,0.59988874,0.1000272,0.1000282
247,0.1000303,0.5998793,0.1000311,0.100029096,0.100030184
248,0.10003084,0.10003001,0.10003164,0.59987676,0.10003071
249,0.59988415,0.1000285,0.100030035,0.10002813,0.100029156
250,0.100030825,0.10003001,0.10003165,0.59987676,0.100030705
251,0.1000308,0.10002998,0.10003163,0.5998769,0.10003069
252,0.59988415,0.10002849,0.100030065,0.10002813,0.10002916
253,0.5998843,0.10002848,0.100030035,0.10002811,0.10002915
254,0.10002942,0.100028634,0.100030184,0.10002825,0.5998835
255,0.10003083,0.100030005,0.100031644,0.5998768,0.100030705
256,0.1000283,0.10002755,0.59988874,0.10002719,0.100028194
257,0.10002943,0.10002864,0.1000302,0.10002828,0.5998835
258,0.100030825,0.10003,0.10003164,0.5998769,0.10003069
259,0.100028306,0.10002757,0.59988874,0.1000272,0.1000282
260,0.100029424,0.10002864,0.1000302,0.10002826,0.5998835
261,0.10003082,0.100030005,0.10003162,0.5998768,0.10003069
262,0.100029424,0.10002864,0.1000302,0.10002827,0.5998835
263,0.10002942,0.10002864,0.1000302,0.10002827,0.5998835
264,0.100030825,0.10003,0.10003163,0.5998769,0.1000307
265,0.10002833,0.100027576,0.5998887,0.10002722,0.10002821
266,0.5998842,0.100028485,0.10003003,0.100028105,0.10002914
267,0.100030825,0.10003001,0.100031644,0.59987676,0.10003071
268,0.10002942,0.10002864,0.10003019,0.10002826,0.5998835
269,0.5998842,0.100028485,0.10003004,0.10002812,0.10002916
270,0.10003029,0.5998793,0.10003109,0.100029096,0.10003017
271,0.10003028,0.5998793,0.10003108,0.1000291,0.10003016
272,0.10002829,0.10002754,0.59988874,0.10002719,0.100028194
273,0.100030296,0.5998793,0.10003109,0.10002911,0.10003019
274,0.10002832,0.100027576,0.59988874,0.10002721,0.10002821
275,0.10003082,0.10002998,0.10003162,0.5998769,0.1000307
276,0.10002941,0.10002863,0.10003019,0.10002826,0.5998835
277,0.10002831,0.10002756,0.59988874,0.1000272,0.100028194
278,0.5998842,0.10002848,0.10003004,0.10002811,0.10002915
279,0.5998842,0.1000285,0.10003006,0.10002812,0.10002916
280,0.1000308,0.10002998,0.10003163,0.5998769,0.100030676
281,0.100028306,0.10002755,0.59988874,0.100027174,0.10002818
282,0.10003081,0.10003,0.10003163,0.5998769,0.10003069
283,0.1000303,0.59987926,0.1000311,0.100029126,0.1000302
284,0.1000283,0.10002755,0.59988874,0.100027196,0.10002819
285,0.10003029,0.5998793,0.1000311,0.10002911,0.10003018
286,0.10002942,0.100028634,0.100030184,0.10002826,0.59988356
287,0.100028306,0.100027554,0.59988874,0.10002719,0.10002819
288,0.10002829,0.10002756,0.5998887,0.1000272,0.1000282
289,0.5998842,0.1000285,0.10003006,0.10002812,0.10002914
290,0.066683404,0.06668297,0.73326755,0.06668276,0.066683345
291,0.10002941,0.100028634,0.100030184,0.10002826,0.5998835
292,0.10002943,0.10002864,0.10003021,0.10002826,0.5998835
293,0.1000283,0.10002754,0.5998888,0.10002719,0.10002819
294,0.10002829,0.10002755,0.59988874,0.100027196,0.1000282
295,0.5998842,0.100028485,0.100030035,0.10002811,0.10002915
296,0.10002942,0.10002862,0.10003019,0.100028254,0.5998835
297,0.10003081,0.10002998,0.100031614,0.5998769,0.10003068
298,0.100030825,0.10002999,0.10003162,0.5998768,0.10003069
299,0.10002941,0.10002863,0.100030184,0.10002827,0.5998835
300,0.5998842,0.10002849,0.10003003,0.10002811,0.100029156
301,0.10002942,0.10002863,0.1000302,0.10002826,0.5998835
302,0.100030296,0.5998793,0.10003109,0.1000291,0.10003018
303,0.5998842,0.10002849,0.10003005,0.10002811,0.10002915
304,0.1000283,0.10002756,0.59988874,0.1000272,0.100028194
305,0.1000303,0.59987926,0.10003111,0.1000291,0.10003019
306,0.5998842,0.1000285,0.10003005,0.10002813,0.10002916
307,0.1000303,0.5998793,0.10003109,0.1000291,0.10003017
308,0.59988415,0.1000285,0.10003006,0.10002812,0.10002916
309,0.100030296,0.5998793,0.1000311,0.10002911,0.10003018
310,0.10003031,0.5998793,0.100031085,0.1000291,0.10003017
311,0.5998842,0.100028485,0.10003005,0.10002812,0.10002916
312,0.10003081,0.10003,0.10003164,0.5998768,0.10003069
313,0.10002831,0.10002756,0.5998887,0.10002719,0.100028194
314,0.10003029,0.5998793,0.1000311,0.10002912,0.100030184
315,0.1000303,0.5998793,0.1000311,0.1000291,0.10003018
316,0.10003082,0.10002998,0.10003163,0.5998769,0.1000307
317,0.59988415,0.1000285,0.10003005,0.10002812,0.10002916
318,0.1000294,0.100028634,0.1000302,0.10002827,0.5998835
319,0.10003029,0.5998793,0.10003111,0.100029096,0.10003018
320,0.10003031,0.59987926,0.100031115,0.10002912,0.100030184
321,0.1000308,0.10002999,0.10003162,0.5998769,0.10003069
322,0.100030296,0.5998793,0.10003111,0.1000291,0.100030184
323,0.5998842,0.100028485,0.100030035,0.10002813,0.10002915
324,0.10003031,0.59987926,0.1000311,0.10002912,0.100030184
325,0.1000303,0.59987926,0.100031115,0.10002911,0.100030184
326,0.10002941,0.10002863,0.10003019,0.100028254,0.5998835
327,0.10003028,0.5998793,0.10003109,0.100029096,0.10003016
328,0.10002829,0.100027554,0.59988874,0.10002719,0.10002819
329,0.10002829,0.10002755,0.59988874,0.10002718,0.100028194
330,0.10002943,0.10002864,0.100030206,0.10002827,0.5998835
331,0.100030825,0.10002999,0.100031644,0.5998768,0.100030705
332,0.10003082,0.100030005,0.10003163,0.5998768,0.10003069
333,0.5998842,0.10002849,0.10003005,0.10002812,0.100029156
334,0.1000294,0.10002862,0.10003018,0.100028254,0.59988356
335,0.100029424,0.10002864,0.1000302,0.10002827,0.5998835
336,0.10002941,0.100028634,0.1000302,0.10002826,0.5998835
337,0.10003082,0.10002999,0.10003164,0.5998769,0.1000307
338,0.10003082,0.10002999,0.10003162,0.5998768,0.100030705
339,0.5998842,0.100028485,0.10003004,0.10002812,0.10002916
340,0.10002831,0.100027554,0.59988874,0.1000272,0.10002821
341,0.100028306,0.10002755,0.59988874,0.100027196,0.10002819
342,0.10002942,0.10002864,0.100030206,0.10002828,0.5998835
343,0.100030296,0.5998793,0.10003109,0.1000291,0.10003017
344,0.10002942,0.100028634,0.100030184,0.10002826,0.5998835
345,0.10003082,0.10003,0.10003163,0.5998768,0.10003069
346,0.100030296,0.5998793,0.1000311,0.1000291,0.10003018
347,0.10003029,0.5998793,0.10003111,0.10002911,0.10003018
348,0.100030296,0.5998793,0.1000311,0.1000291,0.10003018
349,0.5998842,0.100028485,0.100030035,0.10002812,0.10002916
350,0.5998842,0.10002846,0.100030035,0.100028105,0.10002913
351,0.100029394,0.10002862,0.10003019,0.10002824,0.5998835
352,0.10002941,0.10002864,0.1000302,0.10002827,0.5998835
353,0.1000283,0.100027554,0.59988874,0.100027196,0.100028194
354,0.10002831,0.10002756,0.59988874,0.1000272,0.1000282
355,0.10002941,0.10002863,0.1000302,0.10002827,0.59988356
356,0.1000308,0.10002998,0.100031614,0.5998769,0.10003069
357,0.10003027,0.5998794,0.10003107,0.10002909,0.100030154
358,0.10003029,0.5998793,0.10003109,0.1000291,0.10003018
359,0.59988415,0.100028485,0.100030035,0.10002812,0.100029156
360,0.5998842,0.10002849,0.100030065,0.10002811,0.10002916
361,0.1000303,0.5998793,0.1000311,0.10002911,0.10003018
362,0.100030825,0.10002999,0.10003164,0.5998768,0.100030705
363,0.100030296,0.5998793,0.1000311,0.10002911,0.100030184
364,0.10003082,0.10003,0.10003164,0.5998768,0.1000307
365,0.1000283,0.10002755,0.59988874,0.10002718,0.100028194
366,0.10003031,0.59987926,0.10003111,0.10002912,0.100030184
367,0.10003032,0.59987926,0.10003111,0.10002911,0.10003019
368,0.1000303,0.59987926,0.100031115,0.1000291,0.10003019
369,0.1000283,0.10002754,0.59988874,0.100027196,0.10002819
370,0.10002832,0.100027554,0.59988874,0.1000272,0.1000282
371,0.10002829,0.10002755,0.59988874,0.10002718,0.10002819
372,0.10003082,0.10002999,0.10003163,0.5998768,0.1000307
373,0.10003082,0.10002999,0.10003164,0.5998769,0.10003069
374,0.1000283,0.10002755,0.59988874,0.10002718,0.100028194
375,0.10002829,0.10002756,0.59988874,0.100027196,0.10002819
376,0.1000303,0.59987926,0.10003111,0.10002913,0.10003017
377,0.5998842,0.1000285,0.10003005,0.10002811,0.100029156
378,0.10002943,0.10002864,0.1000302,0.10002828,0.5998835
379,0.100028306,0.10002754,0.59988874,0.10002718,0.10002819
380,0.100030825,0.10003001,0.10003163,0.5998768,0.1000307
381,0.1000283,0.10002755,0.5998888,0.10002719,0.10002819
382,0.100030296,0.59987926,0.10003111,0.10002912,0.100030184
383,0.100030296,0.5998793,0.1000311,0.1000291,0.10003017
384,0.10002942,0.100028634,0.1000302,0.10002827,0.5998835
385,0.10002942,0.10002864,0.10003021,0.10002828,0.5998835
386,0.10003083,0.100030005,0.10003165,0.5998768,0.100030705
387,0.100028306,0.10002755,0.59988874,0.10002719,0.100028194
388,0.10003082,0.10003,0.10003164,0.5998768,0.10003069
389,0.10003083,0.10003,0.10003165,0.5998768,0.1000307
390,0.1000294,0.10002862,0.1000302,0.10002826,0.5998835
391,0.10002941,0.10002864,0.10003019,0.10002826,0.5998835
392,0.100028306,0.10002757,0.59988874,0.100027196,0.1000282
393,0.5998842,0.10002849,0.10003005,0.10002812,0.100029156
394,0.100029394,0.10002861,0.10003019,0.10002826,0.59988356
395,0.100030825,0.10003,0.10003164,0.5998769,0.10003069
396,0.10003082,0.10002999,0.10003163,0.5998768,0.10003069
397,0.100030296,0.5998793,0.10003109,0.1000291,0.10003018
398,0.100030296,0.5998793,0.1000311,0.1000291,0.100030184
399,0.1000294,0.10002865,0.1000302,0.10002825,0.5998835
400,0.1000283,0.10002754,0.59988874,0.100027196,0.10002818
401,0.5998842,0.10002848,0.10003004,0.10002812,0.100029156
402,0.1000283,0.10002755,0.59988874,0.10002719,0.10002819
403,0.10003029,0.5998793,0.1000311,0.100029096,0.10003017
404,0.10003081,0.10002998,0.10003162,0.5998769,0.10003069
405,0.100029424,0.100028634,0.10003019,0.10002826,0.5998835
406,0.1000283,0.100027554,0.59988874,0.100027196,0.10002819
407,0.59988415,0.10002849,0.10003005,0.10002812,0.100029156
408,0.10002942,0.100028634,0.100030184,0.100028254,0.5998835
409,0.59988415,0.10002849,0.100030035,0.10002811,0.100029156
410,0.1000294,0.100028634,0.1000302,0.10002825,0.5998835
411,0.10003029,0.59987926,0.100031115,0.1000291,0.10003018
412,0.5998842,0.10002847,0.10003003,0.100028105,0.10002913
413,0.100028306,0.100027554,0.59988874,0.10002719,0.10002819
414,0.10002831,0.10002755,0.59988874,0.1000272,0.1000282
415,0.5998842,0.100028485,0.10003004,0.10002811,0.10002915
416,0.10003081,0.10002998,0.10003163,0.5998769,0.10003069
417,0.100029424,0.10002863,0.1000302,0.10002826,0.5998835
418,0.10002941,0.10002863,0.10003019,0.100028254,0.59988356
419,0.10002941,0.100028634,0.10003019,0.100028254,0.5998835
420,0.100030825,0.100030005,0.10003164,0.5998768,0.10003071
421,0.5998842,0.100028485,0.10003004,0.10002811,0.100029156
422,0.59988415,0.10002849,0.10003006,0.10002812,0.10002916
423,0.10002829,0.10002755,0.59988874,0.10002719,0.100028194
424,0.1000283,0.10002755,0.59988874,0.100027196,0.10002819
425,0.100029424,0.10002864,0.1000302,0.10002826,0.5998835
426,0.1000283,0.100027554,0.59988874,0.10002719,0.100028194
427,0.5998842,0.1000285,0.10003006,0.10002813,0.100029156
428,0.10003029,0.5998793,0.10003109,0.100029096,0.100030184
429,0.100028306,0.100027554,0.59988874,0.1000272,0.10002821
430,0.10003081,0.10002999,0.10003162,0.5998769,0.10003069
431,0.100028306,0.100027554,0.59988874,0.1000272,0.10002821
432,0.10003081,0.10002999,0.10003163,0.5998769,0.1000307
433,0.10002831,0.10002756,0.59988874,0.1000272,0.1000282
434,0.100028306,0.10002755,0.59988874,0.1000272,0.100028194
435,0.1000283,0.100027554,0.59988874,0.1000272,0.100028194
436,0.10003081,0.10002999,0.10003164,0.5998769,0.1000307
437,0.59988415,0.1000285,0.100030065,0.10002812,0.100029156
438,0.100030825,0.100030005,0.10003164,0.5998768,0.1000307
439,0.10003081,0.100030005,0.10003164,0.5998768,0.10003069
440,0.10002941,0.100028634,0.100030184,0.10002825,0.59988356
441,0.59988415,0.1000285,0.10003005,0.10002813,0.10002916
442,0.10003081,0.10003,0.10003163,0.5998768,0.1000307
443,0.100029424,0.10002864,0.100030184,0.10002827,0.5998835
444,0.59988415,0.100028485,0.10003005,0.10002813,0.100029156
445,0.10003029,0.5998793,0.10003111,0.10002911,0.100030184
446,0.100028306,0.10002755,0.59988874,0.10002719,0.100028194
447,0.100030825,0.100030005,0.100031644,0.5998768,0.100030705
448,0.1000283,0.100027554,0.59988874,0.100027196,0.10002819
449,0.1000303,0.59987926,0.1000311,0.10002912,0.100030184
450,0.100029424,0.10002864,0.1000302,0.10002827,0.5998835
451,0.10003081,0.10002998,0.10003164,0.5998769,0.1000307
452,0.10003081,0.10003,0.10003164,0.5998769,0.1000307
453,0.10002941,0.10002864,0.1000302,0.100028254,0.5998835
454,0.1000303,0.59987926,0.10003111,0.10002911,0.1000302
455,0.100028306,0.100027554,0.5998887,0.100027196,0.1000282
456,0.10003028,0.5998793,0.100031085,0.100029096,0.10003016
457,0.10002942,0.10002863,0.1000302,0.10002826,0.59988356
458,0.10002941,0.10002863,0.1000302,0.10002826,0.5998835
459,0.10003031,0.59987926,0.10003111,0.10002912,0.100030184
460,0.1000294,0.10002863,0.10003018,0.100028254,0.5998835
461,0.1000308,0.10002999,0.10003162,0.5998769,0.10003069
462,0.10003029,0.5998793,0.1000311,0.10002912,0.10003018
463,0.5998842,0.10002849,0.10003004,0.10002813,0.10002916
464,0.10003082,0.10003,0.10003163,0.5998768,0.1000307
465,0.10002941,0.100028634,0.10003019,0.100028254,0.5998835
466,0.10003031,0.5998793,0.1000311,0.10002911,0.100030184
467,0.1000283,0.10002755,0.59988874,0.100027196,0.100028194
468,0.10003029,0.5998793,0.10003111,0.1000291,0.100030184
469,0.10002829,0.100027554,0.5998888,0.10002719,0.10002819
470,0.100030296,0.59987926,0.1000311,0.10002911,0.100030184
471,0.10002941,0.100028634,0.1000302,0.10002827,0.5998835
472,0.100030296,0.5998793,0.1000311,0.1000291,0.10003017
473,0.10003081,0.100030005,0.10003164,0.5998768,0.100030705
474,0.1000308,0.10002998,0.10003163,0.5998769,0.10003069
475,0.10002941,0.100028634,0.100030184,0.10002826,0.5998835
476,0.10003082,0.10002999,0.10003162,0.5998769,0.100030705
477,0.5998842,0.10002849,0.10003004,0.10002814,0.10002916
478,0.59988415,0.100028485,0.10003006,0.100028135,0.10002916
479,0.100030296,0.5998793,0.10003109,0.10002911,0.10003018
480,0.5998843,0.100028455,0.10003003,0.1000281,0.10002913
481,0.10003081,0.10002999,0.10003164,0.5998768,0.100030705
482,0.59988415,0.10002849,0.100030035,0.10002811,0.100029156
483,0.5998842,0.10002849,0.100030035,0.10002813,0.10002916
484,0.5998842,0.10002849,0.10003004,0.100028105,0.10002915
485,0.10003081,0.10003,0.10003163,0.5998768,0.1000307
486,0.1000294,0.10002862,0.100030184,0.10002825,0.59988356
487,0.100029424,0.100028634,0.10003022,0.10002828,0.59988344
488,0.1000294,0.10002862,0.10003017,0.100028254,0.5998835
489,0.5998842,0.100028485,0.10003005,0.100028105,0.100029156
490,0.100028284,0.10002753,0.5998888,0.10002718,0.10002818
491,0.10002941,0.10002862,0.10003017,0.100028254,0.5998835
492,0.067471676,0.0666769,0.06694895,0.7322257,0.06667679
493,0.07005293,0.06667978,0.7245004,0.07208803,0.066678815
494,0.100028306,0.100027554,0.59988874,0.1000272,0.10002819
495,0.5998842,0.100028485,0.10003004,0.10002812,0.10002915
496,0.5998842,0.10002848,0.10003005,0.10002811,0.10002915
497,0.10003031,0.59987926,0.1000311,0.10002912,0.10003018
498,0.100029424,0.10002863,0.1000302,0.10002825,0.59988356
499,0.10003028,0.5998793,0.100031085,0.100029096,0.10003017
500,0.10002942,0.100028634,0.100030206,0.100028254,0.5998835
501,0.100029394,0.10002862,0.100030184,0.10002825,0.5998835
502,0.100028306,0.10002754,0.59988874,0.10002719,0.100028194
503,0.100029424,0.10002865,0.10003022,0.10002827,0.5998835
504,0.10003083,0.10003,0.100031644,0.5998768,0.10003071
505,0.59988415,0.10002849,0.100030065,0.100028135,0.10002916
506,0.10002941,0.100028634,0.1000302,0.10002826,0.5998835
507,0.100030825,0.100030005,0.100031644,0.5998768,0.100030705
508,0.1000303,0.5998793,0.1000311,0.1000291,0.100030184
509,0.10002942,0.100028634,0.10003019,0.10002826,0.5998835
510,0.5998842,0.10002849,0.10003004,0.10002812,0.10002914
511,0.10002832,0.10002757,0.59988874,0.10002722,0.10002821
512,0.1000294,0.10002862,0.10003019,0.100028254,0.59988356
513,0.100029424,0.10002863,0.10003019,0.100028254,0.5998835
514,0.1000283,0.10002754,0.5998888,0.100027196,0.10002819
515,0.10002942,0.10002862,0.10003018,0.100028254,0.59988356
516,0.1000303,0.5998793,0.1000311,0.1000291,0.10003018
517,0.10003081,0.10002999,0.10003163,0.5998768,0.1000307
518,0.100028284,0.10002754,0.5998888,0.10002718,0.10002819
519,0.10003029,0.5998793,0.100031085,0.1000291,0.10003017
520,0.10002942,0.10002865,0.1000302,0.10002827,0.5998835
521,0.100028306,0.10002756,0.59988874,0.1000272,0.100028194
522,0.10002942,0.100028634,0.10003019,0.10002826,0.5998835
523,0.10003082,0.10003001,0.100031644,0.5998768,0.10003071
524,0.10003028,0.5998793,0.100031085,0.100029096,0.10003016
525,0.10003031,0.59987926,0.100031115,0.10002912,0.100030184
526,0.100030825,0.10002999,0.10003164,0.5998768,0.1000307
527,0.100029424,0.100028634,0.10003019,0.100028254,0.5998835
528,0.100028306,0.10002757,0.59988874,0.1000272,0.1000282
529,0.100028306,0.10002755,0.59988874,0.10002719,0.100028194
530,0.100030296,0.5998793,0.1000311,0.10002911,0.10003019
531,0.10003081,0.10002999,0.10003162,0.5998769,0.100030676
532,0.5998842,0.10002848,0.10003005,0.10002812,0.100029156
533,0.5998842,0.10002849,0.10003005,0.100028135,0.10002915
534,0.10002941,0.100028634,0.1000302,0.10002828,0.5998835
535,0.10003029,0.5998793,0.10003109,0.10002911,0.10003018
536,0.10003081,0.10003,0.10003164,0.5998768,0.10003069
537,0.10003081,0.10003,0.10003163,0.5998768,0.1000307
538,0.1000283,0.100027554,0.59988874,0.10002719,0.100028194
539,0.100030825,0.10003001,0.100031644,0.5998768,0.100030705
540,0.1000308,0.10002999,0.100031614,0.5998769,0.10003069
541,0.1000283,0.10002756,0.59988874,0.1000272,0.10002821
542,0.10003082,0.10003,0.10003164,0.5998769,0.10003068
543,0.10002831,0.10002755,0.59988874,0.100027196,0.1000282
544,0.1000303,0.59987926,0.1000311,0.10002911,0.10003017
545,0.1000303,0.59987926,0.100031115,0.10002912,0.100030184
546,0.100029424,0.10002864,0.100030206,0.10002828,0.5998835
547,0.5998842,0.10002848,0.10003004,0.10002811,0.10002914
548,0.10003081,0.10003,0.10003163,0.5998768,0.1000307
549,0.1000283,0.100027554,0.59988874,0.100027196,0.100028194
550,0.1000283,0.100027554,0.59988874,0.10002719,0.10002819
551,0.1000303,0.5998793,0.1000311,0.1000291,0.10003018
552,0.5998842,0.100028485,0.10003004,0.10002811,0.100029156
553,0.100028306,0.10002756,0.59988874,0.1000272,0.100028194
554,0.10003081,0.10002999,0.10003163,0.5998768,0.1000307
555,0.10003029,0.5998793,0.10003109,0.10002911,0.10003017
556,0.10003029,0.5998793,0.10003109,0.100029096,0.100030184
557,0.10003083,0.10003001,0.10003164,0.5998768,0.10003071
558,0.1000283,0.100027554,0.59988874,0.10002719,0.100028194
559,0.1000294,0.100028634,0.10003019,0.10002826,0.5998835
560,0.100030825,0.100030005,0.100031644,0.5998768,0.100030705
561,0.10002831,0.100027554,0.5998887,0.100027196,0.100028194
562,0.5998809,0.100028686,0.100030236,0.10003086,0.10002934
563,0.100030296,0.5998793,0.100031085,0.100029096,0.10003016
564,0.10003082,0.10003,0.10003164,0.5998769,0.1000307
565,0.10003032,0.5998792,0.10003112,0.10002911,0.1000302
566,0.5998843,0.10002847,0.10003003,0.100028105,0.10002913
567,0.10003081,0.100030005,0.10003164,0.5998769,0.1000307
568,0.100029424,0.100028634,0.1000302,0.10002827,0.5998835
569,0.10002942,0.100028634,0.100030206,0.10002827,0.5998835
570,0.10002941,0.10002863,0.1000302,0.100028254,0.5998835
571,0.10003029,0.5998793,0.10003109,0.10002911,0.100030184
572,0.100029424,0.10002862,0.100030184,0.10002826,0.5998835
573,0.59988415,0.10002849,0.10003004,0.100028135,0.10002916
574,0.100030296,0.59987926,0.100031115,0.10002912,0.10003019
575,0.5998842,0.1000285,0.100030035,0.10002813,0.10002916
576,0.5998842,0.10002848,0.100030035,0.10002812,0.10002915
577,0.100030296,0.5998793,0.10003108,0.100029096,0.10003017
578,0.10002942,0.10002864,0.10003021,0.100028284,0.5998835
579,0.100030825,0.10003,0.10003164,0.5998769,0.10003069
580,0.100029424,0.10002864,0.100030206,0.10002826,0.5998835
581,0.100030296,0.5998793,0.10003111,0.10002911,0.100030184
582,0.5998842,0.100028485,0.100030035,0.10002813,0.100029156
583,0.10003083,0.10003001,0.100031644,0.59987676,0.100030705
584,0.59988415,0.10002851,0.10003006,0.10002813,0.10002915
585,0.10002942,0.100028634,0.100030184,0.10002827,0.5998835
586,0.5998842,0.10002848,0.100030035,0.100028105,0.10002914
587,0.5998842,0.10002848,0.100030035,0.10002813,0.10002915
588,0.1000303,0.59987926,0.100031115,0.10002912,0.10003018
589,0.5998842,0.100028485,0.10003004,0.100028105,0.10002914
590,0.100030296,0.5998793,0.10003109,0.10002912,0.10003019
591,0.10003081,0.10002999,0.10003164,0.5998769,0.1000307
592,0.10002942,0.100028634,0.1000302,0.10002826,0.59988344
593,0.1000303,0.59987926,0.10003111,0.100029126,0.10003019
594,0.1000303,0.59987926,0.10003111,0.10002911,0.10003019
595,0.1000283,0.10002754,0.59988874,0.10002718,0.100028194
596,0.10003082,0.10003,0.10003164,0.5998768,0.1000307
597,0.1000283,0.100027554,0.59988874,0.10002719,0.1000282
598,0.100030296,0.5998793,0.10003111,0.10002911,0.10003018
599,0.10003031,0.5998793,0.10003109,0.10002912,0.10003017
600,0.5998842,0.100028485,0.10003004,0.10002813,0.10002914
601,0.1000303,0.59987926,0.10003111,0.10002911,0.100030184
602,0.100029424,0.10002863,0.1000302,0.100028254,0.5998835
603,0.100029424,0.10002863,0.10003019,0.100028254,0.5998835
604,0.10002831,0.100027554,0.59988874,0.1000272,0.1000282
605,0.100029424,0.100028634,0.10003019,0.100028254,0.59988356
606,0.5998842,0.10002849,0.10003004,0.10002812,0.100029156
607,0.100028284,0.100027554,0.59988874,0.10002718,0.10002819
608,0.10002831,0.10002756,0.59988874,0.1000272,0.100028194
609,0.5998842,0.10002848,0.10003003,0.100028105,0.10002913
610,0.5998842,0.100028485,0.10003004,0.10002812,0.10002916
611,0.5998843,0.10002848,0.10003003,0.100028105,0.10002915
612,0.1000283,0.10002755,0.59988874,0.100027196,0.10002819
613,0.5998842,0.100028485,0.10003004,0.10002812,0.10002916
614,0.10003029,0.5998793,0.10003109,0.100029096,0.10003018
615,0.10003029,0.5998793,0.1000311,0.10002911,0.10003018
616,0.10002831,0.100027554,0.59988874,0.1000272,0.10002819
617,0.100029424,0.10002864,0.1000302,0.10002827,0.5998835
618,0.5998842,0.10002848,0.10003003,0.1000281,0.10002914
619,0.10003082,0.10002999,0.10003164,0.5998769,0.100030705
620,0.100030825,0.10003,0.10003162,0.5998769,0.1000307
621,0.10003081,0.10003,0.10003162,0.5998769,0.100030705
622,0.100029424,0.10002864,0.100030206,0.10002827,0.5998835
623,0.10003028,0.5998793,0.10003108,0.1000291,0.10003017
624,0.10002941,0.10002862,0.10003019,0.10002826,0.5998835
625,0.100030825,0.100030005,0.10003165,0.5998768,0.100030705
626,0.5998842,0.100028485,0.10003004,0.100028135,0.10002916
627,0.10002941,0.100028634,0.100030184,0.10002826,0.5998835
628,0.100028306,0.10002755,0.59988874,0.10002719,0.100028194
629,0.100028306,0.100027554,0.59988874,0.100027196,0.10002818
630,0.1000303,0.5998793,0.1000311,0.10002911,0.10003018
631,0.10002941,0.10002863,0.100030184,0.10002826,0.5998835
632,0.1000283,0.10002754,0.5998888,0.10002719,0.10002818
633,0.100030825,0.10002999,0.10003162,0.5998769,0.1000307
634,0.10002833,0.10002756,0.59988874,0.10002721,0.10002821
635,0.59988415,0.1000285,0.10003004,0.10002813,0.10002916
636,0.1000283,0.10002755,0.59988874,0.100027196,0.100028194
637,0.100029424,0.10002864,0.10003019,0.10002826,0.5998835
638,0.10002942,0.100028634,0.10003019,0.10002826,0.5998835
639,0.100028306,0.100027554,0.59988874,0.10002719,0.1000282
640,0.1000303,0.5998793,0.10003109,0.1000291,0.10003018
641,0.100029424,0.10002864,0.100030206,0.10002827,0.5998835
642,0.10003082,0.10003,0.10003163,0.5998768,0.1000307
643,0.59988415,0.100028485,0.100030035,0.10002812,0.100029156
644,0.10002941,0.10002863,0.10003019,0.10002826,0.5998835
645,0.5998842,0.10002847,0.10003003,0.100028105,0.10002913
646,0.100029424,0.100028634,0.1000302,0.10002826,0.5998835
647,0.100030296,0.5998793,0.1000311,0.10002911,0.10003018
648,0.100030296,0.5998793,0.10003111,0.10002911,0.10003018
649,0.5998842,0.10002848,0.10003003,0.1000281,0.10002914
650,0.1000308,0.10002999,0.10003163,0.5998769,0.10003068
651,0.5998842,0.10002847,0.100030035,0.100028105,0.10002914
652,0.10002831,0.100027554,0.59988874,0.10002719,0.100028194
653,0.100030825,0.10002999,0.10003164,0.5998768,0.1000307
654,0.10002829,0.10002755,0.59988874,0.10002719,0.100028194
655,0.10003031,0.5998793,0.10003111,0.10002911,0.10003017
656,0.10003081,0.10003,0.10003164,0.5998768,0.1000307
657,0.10002829,0.10002755,0.59988874,0.10002719,0.10002818
658,0.59988415,0.10002849,0.10003005,0.10002812,0.100029156
659,0.59988415,0.100028485,0.10003005,0.10002812,0.10002916
660,0.10003082,0.10003,0.10003163,0.5998768,0.10003068
661,0.10002832,0.100027554,0.59988874,0.1000272,0.1000282
662,0.100030296,0.59987926,0.10003111,0.10002911,0.10003018
663,0.100029424,0.10002865,0.10003019,0.10002826,0.5998835
664,0.10002831,0.10002756,0.5998887,0.100027196,0.1000282
665,0.1000283,0.10002755,0.59988874,0.10002719,0.100028194
666,0.10002941,0.10002864,0.10003019,0.100028254,0.5998835
667,0.10002831,0.100027554,0.5998887,0.100027196,0.1000282
668,0.100030296,0.5998793,0.10003111,0.10002912,0.10003018
669,0.5998842,0.100028485,0.10003004,0.10002811,0.10002915
670,0.5998842,0.10002849,0.10003004,0.10002811,0.100029156
671,0.10003082,0.10003,0.10003164,0.5998768,0.1000307
672,0.100028306,0.10002756,0.59988874,0.1000272,0.10002821
673,0.10002831,0.100027554,0.59988874,0.1000272,0.1000282
674,0.1000303,0.5998793,0.10003109,0.10002911,0.10003017
675,0.5998842,0.100028485,0.100030035,0.10002811,0.100029156
676,0.10003029,0.5998793,0.1000311,0.100029096,0.10003018
677,0.1000283,0.10002755,0.59988874,0.10002718,0.10002819
678,0.10002941,0.10002863,0.100030206,0.10002827,0.5998835
679,0.10002941,0.10002863,0.10003019,0.10002826,0.5998835
680,0.100030825,0.10003001,0.10003164,0.5998768,0.1000307
681,0.59988415,0.10002849,0.10003005,0.10002813,0.10002916
682,0.10002832,0.100027576,0.59988874,0.10002721,0.10002821
683,0.1000303,0.5998793,0.10003111,0.10002911,0.10003018
684,0.100030825,0.10003,0.10003164,0.5998768,0.100030705
685,0.5998842,0.100028485,0.100030035,0.10002812,0.10002915
686,0.10003029,0.5998793,0.10003109,0.10002911,0.10003018
687,0.1000303,0.59987926,0.1000311,0.10002911,0.100030184
688,0.100030825,0.10002999,0.10003162,0.5998769,0.1000307
689,0.10003082,0.10002999,0.10003163,0.5998768,0.10003069
690,0.10002942,0.100028634,0.100030184,0.10002826,0.5998835
691,0.59988415,0.1000285,0.10003005,0.10002813,0.10002916
692,0.10002942,0.10002863,0.1000302,0.10002825,0.5998835
693,0.1000303,0.5998793,0.10003109,0.100029096,0.10003018
694,0.10003081,0.10003,0.10003163,0.5998768,0.1000307
695,0.100030825,0.10002999,0.10003163,0.5998769,0.10003069
696,0.10002941,0.10002862,0.10003019,0.10002825,0.59988356
697,0.10002941,0.10002864,0.1000302,0.100028254,0.5998835
698,0.10002831,0.100027554,0.59988874,0.100027196,0.1000282
699,0.5998842,0.10002849,0.10003005,0.10002811,0.10002916
700,0.100030296,0.5998793,0.10003111,0.1000291,0.10003019
701,0.100030296,0.5998793,0.1000311,0.1000291,0.100030184
702,0.10002944,0.100028634,0.1000302,0.100028284,0.5998835
703,0.5998842,0.100028485,0.100030035,0.10002812,0.10002915
704,0.5998842,0.10002849,0.100030035,0.10002811,0.100029156
705,0.10003082,0.10002999,0.10003163,0.5998768,0.1000307
706,0.59988415,0.100028485,0.10003005,0.10002813,0.10002914
707,0.5998842,0.10002848,0.10003004,0.10002811,0.10002915
708,0.1000283,0.10002755,0.59988874,0.100027196,0.100028194
709,0.1000294,0.10002864,0.1000302,0.10002826,0.5998835
710,0.10003029,0.5998793,0.100031085,0.10002911,0.10003017
711,0.1000303,0.59987926,0.10003111,0.10002911,0.10003019
712,0.10003029,0.59987926,0.1000311,0.10002912,0.10003019
713,0.1000283,0.10002754,0.59988874,0.10002718,0.10002818
714,0.100030296,0.5998793,0.1000311,0.10002912,0.10003018
715,0.10003081,0.10003,0.10003164,0.5998769,0.100030705
716,0.1000303,0.5998793,0.10003111,0.1000291,0.10003018
717,0.10003082,0.10003,0.10003163,0.5998768,0.100030705
718,0.10002941,0.10002862,0.1000302,0.10002826,0.5998835
719,0.5998842,0.1000285,0.10003004,0.10002812,0.100029156
720,0.10002942,0.100028634,0.100030206,0.10002826,0.5998835
721,0.10002941,0.10002863,0.10003019,0.10002827,0.59988356
722,0.10003029,0.5998793,0.10003109,0.10002912,0.10003018
723,0.1000283,0.100027554,0.59988874,0.10002719,0.100028194
724,0.73136234,0.06667693,0.06704684,0.06823717,0.06667669
725,0.1000283,0.10002755,0.59988874,0.100027196,0.10002819
726,0.10003081,0.10002999,0.10003163,0.5998769,0.10003068
727,0.5998842,0.10002849,0.10003005,0.10002813,0.10002917
728,0.100030825,0.10003001,0.10003163,0.5998768,0.10003071
729,0.10003081,0.100030005,0.10003162,0.5998768,0.100030705
730,0.10002831,0.100027554,0.59988874,0.1000272,0.1000282
731,0.10003083,0.100030005,0.10003165,0.5998768,0.100030705
732,0.10002831,0.100027554,0.59988874,0.1000272,0.1000282
733,0.100029424,0.10002865,0.100030206,0.10002828,0.5998835
734,0.5998842,0.100028485,0.10003005,0.10002811,0.10002916
735,0.100028306,0.100027554,0.59988874,0.100027196,0.1000282
736,0.100030296,0.5998793,0.10003111,0.1000291,0.10003018
737,0.10003031,0.59987926,0.10003111,0.1000291,0.10003019
738,0.1000283,0.10002756,0.59988874,0.100027196,0.100028194
739,0.1000308,0.10002998,0.10003163,0.5998769,0.10003068
740,0.5998842,0.10002848,0.100030035,0.10002812,0.10002915
741,0.5998842,0.10002849,0.10003004,0.10002812,0.100029156
742,0.10003082,0.10002999,0.10003162,0.5998768,0.1000307
743,0.100028284,0.100027524,0.5998888,0.10002717,0.100028165
744,0.06668458,0.7322161,0.06668505,0.067729704,0.066684514
745,0.100029424,0.10002864,0.100030206,0.10002828,0.5998835
746,0.5998842,0.10002849,0.10003005,0.10002811,0.10002914
747,0.100030825,0.100030005,0.10003163,0.5998768,0.10003069
748,0.100030296,0.5998793,0.10003109,0.10002911,0.10003017
749,0.59988415,0.10002849,0.10003006,0.10002812,0.100029156
750,0.5998842,0.10002849,0.10003005,0.10002813,0.10002915
751,0.10003081,0.10002999,0.10003163,0.5998769,0.10003069
752,0.1000308,0.10003,0.10003162,0.5998769,0.10003069
753,0.1000283,0.100027554,0.59988874,0.100027196,0.100028194
754,0.10003082,0.10002999,0.100031644,0.5998769,0.1000307
755,0.5998842,0.100028485,0.10003003,0.100028105,0.10002914
756,0.5998842,0.10002849,0.10003005,0.10002812,0.100029156
757,0.5998842,0.10002849,0.10003004,0.10002811,0.100029156
758,0.10002829,0.100027554,0.59988874,0.10002719,0.10002819
759,0.10003029,0.5998793,0.1000311,0.100029096,0.100030184
760,0.10002942,0.10002863,0.100030184,0.10002825,0.59988356
761,0.10003081,0.10003001,0.100031644,0.5998768,0.10003071
762,0.10002831,0.10002755,0.59988874,0.10002719,0.10002818
763,0.5998842,0.10002849,0.10003004,0.10002812,0.10002916
764,0.10003082,0.10003,0.10003163,0.5998768,0.10003069
765,0.10002943,0.100028634,0.10003021,0.10002826,0.5998835
766,0.100030296,0.5998794,0.10003109,0.100029096,0.10003016
767,0.1000308,0.10002999,0.10003163,0.5998769,0.10003069
768,0.10002941,0.100028634,0.100030184,0.10002826,0.5998835
769,0.10002941,0.10002863,0.10003019,0.10002826,0.59988356
770,0.100028306,0.100027554,0.5998888,0.1000272,0.100028194
771,0.1000303,0.59987926,0.10003111,0.10002911,0.10003019
772,0.5998842,0.10002849,0.100030035,0.10002812,0.100029156
773,0.100029424,0.10002864,0.10003019,0.100028254,0.5998835
774,0.1000294,0.10002862,0.100030184,0.10002825,0.5998835
775,0.10003029,0.5998793,0.1000311,0.1000291,0.100030184
776,0.10002941,0.10002862,0.10003018,0.10002825,0.5998835
777,0.100029424,0.100028634,0.10003021,0.10002827,0.59988344
778,0.100030296,0.59987926,0.1000311,0.10002912,0.100030184
779,0.10002942,0.10002863,0.10003021,0.10002828,0.5998835
780,0.10003081,0.10003,0.10003162,0.5998768,0.1000307
781,0.10003082,0.10002999,0.10003163,0.5998768,0.10003069
782,0.100030296,0.5998793,0.100031115,0.10002911,0.10003018
783,0.1000283,0.10002755,0.59988874,0.100027196,0.10002819
784,0.59988415,0.100028485,0.10003006,0.10002813,0.100029156
785,0.06745986,0.06667689,0.066948816,0.7322377,0.06667678
786,0.100030296,0.5998793,0.10003109,0.10002911,0.10003018
787,0.10003029,0.5998793,0.10003109,0.100029096,0.10003017
788,0.10003029,0.5998793,0.1000311,0.1000291,0.10003017
789,0.100030825,0.10003001,0.10003166,0.5998768,0.10003071
790,0.1000303,0.59987926,0.10003111,0.100029126,0.10003019
791,0.10002831,0.100027554,0.59988874,0.1000272,0.100028194
792,0.10003081,0.10002999,0.10003162,0.5998769,0.10003068
793,0.10003082,0.10003,0.10003163,0.5998768,0.10003068
794,0.5998842,0.1000285,0.10003006,0.10002813,0.100029156
795,0.1000303,0.5998793,0.1000311,0.1000291,0.10003017
796,0.10003081,0.100030005,0.10003163,0.5998768,0.1000307
797,0.100030825,0.10003001,0.10003164,0.5998768,0.10003071
798,0.5998842,0.10002847,0.10003003,0.10002811,0.10002913
799,0.10002943,0.10002864,0.100030206,0.10002827,0.5998835
800,0.10002942,0.10002863,0.100030184,0.10002827,0.5998835
801,0.100030296,0.59987926,0.100031115,0.100029126,0.100030184
802,0.1000303,0.5998793,0.1000311,0.10002911,0.10003018
803,0.10002832,0.10002755,0.59988874,0.10002719,0.100028194
804,0.10002831,0.10002755,0.59988874,0.10002719,0.100028194
805,0.10002941,0.10002863,0.100030184,0.10002827,0.5998835
806,0.1000308,0.10002999,0.10003163,0.5998769,0.10003068
807,0.1000303,0.59987926,0.100031115,0.10002912,0.100030184
808,0.100029424,0.100028634,0.10003019,0.10002828,0.5998835
809,0.10003082,0.10003,0.10003163,0.5998768,0.1000307
810,0.10002941,0.10002864,0.100030184,0.10002826,0.5998835
811,0.10002943,0.10002866,0.1000302,0.10002827,0.5998835
812,0.10002941,0.100028634,0.1000302,0.10002826,0.5998835
813,0.1000303,0.5998793,0.10003109,0.10002911,0.10003018
814,0.5998842,0.100028485,0.10003004,0.10002811,0.100029156
815,0.59988415,0.1000285,0.100030065,0.100028135,0.100029156
816,0.100028306,0.100027554,0.59988874,0.10002719,0.10002818
817,0.10003031,0.59987926,0.10003111,0.10002912,0.100030184
818,0.067465894,0.06667689,0.06694886,0.73223156,0.06667678
819,0.10002943,0.10002864,0.1000302,0.10002827,0.5998835
820,0.10003081,0.10002999,0.10003163,0.5998769,0.10003068
821,0.1000303,0.59987926,0.100031115,0.10002911,0.100030184
822,0.10003083,0.10003,0.10003164,0.5998768,0.100030705
823,0.070054375,0.06667978,0.72434634,0.072240666,0.066678815
824,0.10002829,0.10002754,0.59988874,0.10002719,0.100028194
825,0.1000283,0.10002755,0.59988874,0.100027196,0.100028194
826,0.5998842,0.1000285,0.10003004,0.10002812,0.10002915
827,0.10003081,0.10003,0.10003162,0.5998769,0.10003068
828,0.100029424,0.10002864,0.10003021,0.10002827,0.59988344
829,0.59988415,0.10002849,0.10003005,0.10002813,0.10002916
830,0.1000283,0.10002754,0.59988874,0.100027196,0.100028194
831,0.1000283,0.10002755,0.59988874,0.10002719,0.100028194
832,0.100029394,0.10002863,0.100030184,0.10002824,0.59988356
833,0.10002941,0.100028634,0.1000302,0.100028254,0.5998835
834,0.10002943,0.100028634,0.10003021,0.10002827,0.5998835
835,0.10002831,0.100027554,0.59988874,0.100027196,0.10002818
836,0.5998842,0.1000285,0.10003004,0.10002813,0.10002916
837,0.5998842,0.10002848,0.10003005,0.10002812,0.100029156
838,0.5998842,0.10002849,0.10003004,0.10002813,0.10002915
839,0.10002831,0.10002756,0.59988874,0.100027196,0.1000282
840,0.067462765,0.06667689,0.066948846,0.7322347,0.06667678
841,0.10002942,0.10002862,0.10003019,0.10002826,0.5998835
842,0.5998842,0.10002849,0.10003005,0.10002813,0.10002915
843,0.1000283,0.10002754,0.59988874,0.100027196,0.10002819
844,0.1000303,0.5998793,0.1000311,0.100029096,0.10003018
845,0.1000283,0.10002755,0.59988874,0.10002719,0.10002819
846,0.5998842,0.10002849,0.10003006,0.10002812,0.10002916
847,0.100030825,0.10003,0.10003163,0.5998768,0.1000307
848,0.10003032,0.5998792,0.10003112,0.100029126,0.1000302
849,0.1000283,0.100027554,0.59988874,0.100027196,0.10002819
850,0.5998842,0.10002849,0.10003004,0.10002812,0.100029156
851,0.100030296,0.5998793,0.10003109,0.10002911,0.10003018
852,0.10003029,0.5998793,0.10003109,0.100029096,0.10003018
853,0.59988415,0.10002849,0.100030035,0.10002812,0.10002915
854,0.100030296,0.5998793,0.1000311,0.1000291,0.10003018
855,0.10003082,0.10002999,0.10003164,0.5998768,0.1000307
856,0.59988415,0.100028485,0.10003004,0.10002811,0.10002916
857,0.59988415,0.100028515,0.100030065,0.10002814,0.10002916
858,0.5998842,0.100028485,0.10003006,0.10002812,0.100029156
859,0.10003081,0.10002999,0.10003163,0.5998769,0.10003068
860,0.5998842,0.10002849,0.10003004,0.10002812,0.10002916
861,0.10002941,0.10002862,0.100030184,0.10002825,0.59988356
862,0.100030296,0.5998793,0.1000311,0.100029096,0.10003017
863,0.10002942,0.10002863,0.10003019,0.100028254,0.5998835
864,0.10003081,0.10002999,0.10003164,0.5998768,0.1000307
865,0.10003031,0.59987926,0.10003111,0.10002911,0.100030184
866,0.100030296,0.5998793,0.10003109,0.10002911,0.10003018
867,0.5998842,0.100028485,0.10003004,0.10002811,0.10002915
868,0.1000283,0.10002756,0.59988874,0.100027196,0.10002819
869,0.100030296,0.5998793,0.10003109,0.1000291,0.10003018
870,0.1000283,0.10002755,0.59988874,0.10002718,0.10002818
871,0.10002942,0.10002863,0.100030184,0.10002826,0.5998835
872,0.100028306,0.10002755,0.59988874,0.10002719,0.10002819
873,0.7313537,0.06667694,0.067046896,0.06824578,0.0666767
874,0.1000303,0.5998793,0.10003111,0.1000291,0.100030184
875,0.1000303,0.59987926,0.10003111,0.1000291,0.10003019
876,0.1000283,0.10002755,0.59988874,0.10002719,0.10002818
877,0.1000283,0.10002754,0.59988874,0.10002718,0.100028194
878,0.10003082,0.10003,0.10003164,0.5998769,0.10003069
879,0.1000303,0.5998793,0.10003109,0.10002912,0.10003018
880,0.10003081,0.10003,0.10003163,0.5998768,0.10003069
881,0.100030296,0.5998793,0.10003109,0.10002911,0.100030184
882,0.10003081,0.10002999,0.10003164,0.5998768,0.100030705
883,0.5998842,0.100028485,0.10003004,0.10002812,0.10002916
884,0.10003081,0.10003,0.10003162,0.5998769,0.10003069
885,0.1000294,0.10002863,0.10003018,0.10002825,0.59988356
886,0.59988415,0.1000285,0.10003005,0.10002812,0.10002915
887,0.10002941,0.10002864,0.1000302,0.100028254,0.5998835
888,0.10002829,0.100027554,0.59988874,0.10002718,0.10002819
889,0.1000283,0.10002754,0.59988874,0.10002719,0.10002819
890,0.5998842,0.100028485,0.10003003,0.10002812,0.10002914
891,0.10003082,0.10003,0.10003162,0.5998769,0.1000307
892,0.10002941,0.100028634,0.10003019,0.10002827,0.5998835
893,0.5998842,0.100028485,0.10003003,0.100028105,0.10002914
894,0.100030296,0.5998793,0.1000311,0.10002911,0.10003018
895,0.59988415,0.10002849,0.100030035,0.10002813,0.10002914
896,0.100030296,0.5998793,0.10003109,0.10002911,0.100030184
897,0.100030296,0.5998793,0.10003109,0.10002911,0.100030184
898,0.5998811,0.10003111,0.10003022,0.10002829,0.10002931
899,0.066683404,0.06668297,0.73326755,0.06668276,0.06668334
900,0.10002942,0.100028634,0.10003018,0.100028254,0.5998835
901,0.1000283,0.100027554,0.59988874,0.10002719,0.100028194
902,0.5998842,0.100028485,0.10003006,0.10002812,0.10002915
903,0.1000294,0.100028634,0.10003019,0.10002826,0.59988356
904,0.5998842,0.10002848,0.10003003,0.10002812,0.100029156
905,0.100028306,0.10002755,0.59988874,0.1000272,0.100028194
906,0.10002941,0.10002863,0.1000302,0.10002827,0.5998835
907,0.1000283,0.100027554,0.59988874,0.10002718,0.100028194
908,0.1000283,0.10002756,0.59988874,0.100027196,0.10002818
909,0.10003029,0.5998793,0.10003109,0.10002909,0.100030154
910,0.10003031,0.59987926,0.10003111,0.10002912,0.100030184
911,0.100030825,0.10003,0.100031644,0.5998768,0.10003069
912,0.10003031,0.5998793,0.10003109,0.100029096,0.10003018
913,0.10002942,0.100028634,0.10003019,0.100028254,0.59988356
914,0.59988415,0.10002849,0.10003005,0.10002813,0.100029156
915,0.100030825,0.100030005,0.100031644,0.5998768,0.100030705
916,0.100030825,0.100030005,0.100031644,0.5998768,0.1000307
917,0.10002941,0.10002864,0.10003017,0.10002825,0.5998835
918,0.10003084,0.10003001,0.100031644,0.5998768,0.10003069
919,0.100029394,0.10002862,0.100030184,0.10002825,0.5998835
920,0.10003031,0.59987926,0.1000311,0.10002911,0.10003019
921,0.1000308,0.10002998,0.10003162,0.5998769,0.10003069
922,0.7313693,0.06667693,0.067046806,0.06823027,0.06667669
923,0.100029424,0.10002865,0.10003021,0.10002826,0.5998835
924,0.100030296,0.5998793,0.1000311,0.1000291,0.10003017
925,0.100030825,0.100030005,0.10003163,0.5998769,0.10003068
926,0.10003082,0.10003,0.100031644,0.5998769,0.10003069
927,0.10003081,0.10002999,0.10003163,0.5998768,0.1000307
928,0.10002942,0.10002863,0.10003019,0.10002826,0.59988356
929,0.10003029,0.5998793,0.10003109,0.1000291,0.10003019
930,0.10002941,0.10002863,0.100030206,0.100028254,0.59988356
931,0.10003081,0.10003,0.10003164,0.5998769,0.1000307
932,0.59988415,0.10002849,0.10003005,0.10002813,0.10002916
933,0.10003027,0.5998793,0.100031085,0.10002911,0.100030154
934,0.1000303,0.5998793,0.10003111,0.10002911,0.10003017
935,0.10002829,0.10002755,0.5998888,0.10002719,0.10002819
936,0.1000303,0.59987926,0.1000311,0.1000291,0.10003018
937,0.5998842,0.10002849,0.10003004,0.100028135,0.10002917
938,0.1000294,0.10002863,0.100030184,0.100028254,0.59988356
939,0.10003084,0.100030005,0.10003164,0.5998768,0.100030705
940,0.5998842,0.100028485,0.10003005,0.10002811,0.100029156
941,0.5998842,0.100028485,0.10003005,0.10002812,0.100029156
942,0.10003081,0.100030005,0.10003162,0.5998769,0.10003069
943,0.100028306,0.10002756,0.59988874,0.1000272,0.1000282
944,0.10003083,0.100030005,0.10003165,0.5998768,0.10003071
945,0.5998842,0.10002849,0.100030035,0.10002812,0.100029156
946,0.100030296,0.59987926,0.10003111,0.100029126,0.100030184
947,0.5998842,0.100028485,0.100030035,0.10002811,0.10002916
948,0.100030296,0.5998793,0.1000311,0.10002911,0.100030184
949,0.1000294,0.10002861,0.100030184,0.10002825,0.5998835
950,0.59988415,0.100028485,0.10003004,0.10002812,0.10002915
951,0.10002942,0.100028634,0.10003019,0.10002827,0.5998835
952,0.10002829,0.10002754,0.5998888,0.10002718,0.10002818
953,0.1000308,0.10002999,0.10003162,0.5998769,0.10003068
954,0.5998842,0.10002848,0.10003004,0.10002811,0.100029156
955,0.10002941,0.100028634,0.10003019,0.100028254,0.5998835
956,0.10003083,0.10002998,0.100031644,0.5998768,0.1000307
957,0.1000303,0.5998793,0.1000311,0.10002911,0.10003019
958,0.5998842,0.100028485,0.10003005,0.10002812,0.10002915
959,0.10002829,0.10002754,0.5998888,0.10002719,0.10002818
960,0.06745776,0.066676885,0.066948794,0.7322398,0.06667677
961,0.1000303,0.59987926,0.100031115,0.10002911,0.10003019
962,0.1000283,0.100027554,0.59988874,0.10002719,0.100028194
963,0.10003081,0.10002999,0.10003164,0.5998769,0.1000307
964,0.10003081,0.10003,0.10003164,0.5998768,0.10003069
965,0.10002941,0.10002861,0.100030184,0.100028254,0.59988356
966,0.10002941,0.100028634,0.100030184,0.100028254,0.5998835
967,0.59988415,0.10002849,0.10003004,0.10002813,0.10002916
968,0.100030296,0.5998793,0.10003109,0.1000291,0.10003016
969,0.10003082,0.10002999,0.10003164,0.5998769,0.100030705
970,0.10002941,0.10002862,0.100030184,0.100028254,0.59988356
971,0.1000294,0.10002862,0.1000302,0.10002825,0.5998835
972,0.5998842,0.1000285,0.10003006,0.10002813,0.10002915
973,0.5998842,0.10002848,0.100030035,0.100028105,0.100029126
974,0.100030296,0.5998793,0.10003111,0.1000291,0.100030184
975,0.1000303,0.5998793,0.10003109,0.10002911,0.100030184
976,0.5998842,0.1000285,0.100030035,0.10002811,0.100029156
977,0.100028306,0.10002756,0.59988874,0.1000272,0.1000282
978,0.100029424,0.10002864,0.1000302,0.10002826,0.5998835
979,0.100030825,0.10003001,0.100031644,0.5998768,0.1000307
980,0.10003081,0.10003001,0.10003164,0.5998768,0.1000307
981,0.10002832,0.10002756,0.59988874,0.100027196,0.100028194
982,0.10003082,0.10002999,0.10003164,0.5998768,0.10003069
983,0.10002941,0.10002863,0.100030184,0.10002826,0.5998835
984,0.1000308,0.10002998,0.10003162,0.5998769,0.1000307
985,0.10003082,0.100030005,0.10003162,0.5998769,0.1000307
986,0.10002941,0.10002863,0.1000302,0.100028254,0.59988356
987,0.59988415,0.1000285,0.10003005,0.10002813,0.100029156
988,0.10003031,0.59987926,0.1000311,0.10002912,0.10003019
989,0.10003082,0.10003,0.10003163,0.5998769,0.100030705
